<?xml version="1.0" encoding="windows-1252"?>
<Collection name="Touchpoint Tracking" guid="{0490B6EF-1099-443E-8A88-34C4707B70C8}" system="No" updatable="Yes" blockNavigatorNode="No">
	<HelpLink></HelpLink>
	<Help></Help>
	<Addon name="Touchpoint Link Generator" guid="{FD6EE0D7-B40A-4A02-8A52-E17C1689B05C}" type="Tool">
		<Copy></Copy>
		<CopyText></CopyText>
		<ActiveXProgramID></ActiveXProgramID>
		<DotNetClass></DotNetClass>
		<ArgumentList></ArgumentList>
		<AsAjax>No</AsAjax>
		<Filter>No</Filter>
		<Help></Help>
		<HelpLink></HelpLink>
		<Icon Link="" width="0" height="0" sprites="0" />
		<InIframe>No</InIframe>
		<BlockEditTools>Yes</BlockEditTools>
		<FormXML></FormXML>
		<IsInline>No</IsInline>
		<JavascriptOnLoad></JavascriptOnLoad>
		<JavascriptInHead></JavascriptInHead>
		<JavascriptBodyEnd></JavascriptBodyEnd>
		<MetaDescription></MetaDescription>
		<OtherHeadTags></OtherHeadTags>
		<Content>No</Content>
		<Template>No</Template>
		<Email>No</Email>
		<Admin>Yes</Admin>
		<OnPageEndEvent>No</OnPageEndEvent>
		<OnPageStartEvent>No</OnPageStartEvent>
		<OnBodyStart>No</OnBodyStart>
		<OnBodyEnd>No</OnBodyEnd>
		<RemoteMethod>No</RemoteMethod>
		<ProcessRunOnce>No</ProcessRunOnce>
		<ProcessInterval>0</ProcessInterval>
		<PageTitle></PageTitle>
		<RemoteAssetLink></RemoteAssetLink>
		<Styles><![CDATA[.ttCon {}
div.ttCon {background-color: white; padding: 20px; border: 1px solid #444; }
.ttCon .output {width: 500px; padding: 10px;}
.ttCon .input input {width: 500px; padding: 10px;}
.ttCon .label {margin: 20px 0 0 0}
]]></Styles>
		<Scripting Language="" EntryPoint="" Timeout="5000">
			<Code><![CDATA[function m
  dim block
  dim button
  dim link,name,token
  dim cs
  set block = cp.blockNew()
  button = cp.doc.getText( "button" )
  if button<>"" then
    name = cp.doc.getText( "trackingName" )
    token = cp.utils.createGuid()
    token = replace( token, "}", "" )
    token = replace( token, "{", "" )
    token = replace( token, "-", "" )
    link = cp.doc.getText( "trackingUrl" )
    link = replace( link, "&RequestBinary=True", "", 1 )
    if instr( 1, link, "?" )=0 then
      link = link & "?tkn=" & token
    else
      link = link & "&tkn=" & token
    end if
    set cs = cp.csNew()
    if cs.insert( "tracking tokens" ) then
      call cs.setField( "name", name )
      call cs.setField( "link", link )
      call cs.setField( "token", token )
    end if
    m = m & cp.html.div( "<br><br>use this URL" )
    m = m & cp.html.div( "<input class=""output"" value=""" & link & """>" )
  end if
  call block.openLayout( "Tracker Link Maker" )
  m = cp.html.form( block.getHtml()) & m
  m = cp.html.div( m,"","ttCon" )
end function]]></Code>
		</Scripting>
	</Addon>
	<Addon name="touchpointAjaxHander" guid="{F46073C5-E733-4AA2-8BCF-C1125E9FDC34}" type="Add-on">
		<Copy></Copy>
		<CopyText></CopyText>
		<ActiveXProgramID></ActiveXProgramID>
		<DotNetClass></DotNetClass>
		<ArgumentList></ArgumentList>
		<AsAjax>No</AsAjax>
		<Filter>No</Filter>
		<Help></Help>
		<HelpLink></HelpLink>
		<Icon Link="" width="0" height="0" sprites="0" />
		<InIframe>No</InIframe>
		<BlockEditTools>No</BlockEditTools>
		<FormXML></FormXML>
		<IsInline>No</IsInline>
		<JavascriptOnLoad></JavascriptOnLoad>
		<JavascriptInHead></JavascriptInHead>
		<JavascriptBodyEnd></JavascriptBodyEnd>
		<MetaDescription></MetaDescription>
		<OtherHeadTags></OtherHeadTags>
		<Content>No</Content>
		<Template>No</Template>
		<Email>No</Email>
		<Admin>No</Admin>
		<OnPageEndEvent>No</OnPageEndEvent>
		<OnPageStartEvent>No</OnPageStartEvent>
		<OnBodyStart>No</OnBodyStart>
		<OnBodyEnd>No</OnBodyEnd>
		<RemoteMethod>Yes</RemoteMethod>
		<ProcessRunOnce>No</ProcessRunOnce>
		<ProcessInterval>0</ProcessInterval>
		<PageTitle></PageTitle>
		<RemoteAssetLink></RemoteAssetLink>
		<Styles></Styles>
		<Scripting Language="" EntryPoint="" Timeout="5000">
			<Code><![CDATA['
' tochpointHitTracker - gets tkn, qualifies hit and adds touchpointAjax with ajaxTkn
' tochpointAjax - javascript to hit touchpointAjaxHander onReady with ajaxTkn
' touchpointAjaxHandler - gets ajaxTkn and sets user token and group
'
function touchpointAjaxHandler
	dim token
	dim logName,logData
	dim cs
	dim userId,tokenId,isBot,touchUser,sql
	token = cp.doc.getText("ajaxTkn" )
	if token<>"" then
		set cs = cp.csNew()
		if cs.open( "tracking tokens", "token=" & cp.db.encodeSqlText( token )) then
			tokenId = cs.getInteger( "id" )
		end if
		call cs.close()
		if ( tokenId<>0 ) then
			logData = vbcrlf & now() & vbtab & userId & vbtab & "touchpointAjaxHandler:" & token
			if true Then
				userId = cp.user.id
				if true then
					touchUser=false
					sql = "" _
						& "(id=" & userId & ")" _
						& "and((admin=0)or(admin is null))" _
						& "and((developer=0)or(developer is null))" _
						& "and((trackingTokenId=0)or(trackingTokenId is null))" _
						& "and((ExcludeFromAnalytics=0)or(ExcludeFromAnalytics is null))"
					if cs.open( "people", sql ) then
						logData = logData & vbtab & "nonAdmin/nonDev/notTracked/notExclude+setUserToken"
						touchUser=true
						call cs.setField( "trackingTokenId", tokenId )
						if ( cs.getText("username")="" ) then
							logData = logData & "+setUsername"
							call cs.setField( "username", "guest" & userId )
						end if
					end if
					call cs.close()
					if touchUser then
						logData = logData & "+addedToTrafficGroup"
						call cp.group.addUser( "Inbound Marketing Traffic" )
						logName = "touchpointTracking\eventLog" & cStr( int( cDbl( now ))) & ".txt"
						call cp.file.appendVirtual( logname, logData )
					end if
				end if
			end if
		end if
	end if
	m = ""
end function]]></Code>
		</Scripting>
	</Addon>
	<Addon name="touchpointHit" guid="{CB6264DB-CFD2-44A2-B082-9FBF5587B6FC}" type="Add-on">
		<Copy></Copy>
		<CopyText></CopyText>
		<ActiveXProgramID></ActiveXProgramID>
		<DotNetClass></DotNetClass>
		<ArgumentList></ArgumentList>
		<AsAjax>No</AsAjax>
		<Filter>No</Filter>
		<Help></Help>
		<HelpLink></HelpLink>
		<Icon Link="" width="0" height="0" sprites="0" />
		<InIframe>No</InIframe>
		<BlockEditTools>No</BlockEditTools>
		<FormXML></FormXML>
		<IsInline>No</IsInline>
		<JavascriptOnLoad></JavascriptOnLoad>
		<JavascriptInHead></JavascriptInHead>
		<JavascriptBodyEnd></JavascriptBodyEnd>
		<MetaDescription></MetaDescription>
		<OtherHeadTags></OtherHeadTags>
		<Content>No</Content>
		<Template>No</Template>
		<Email>No</Email>
		<Admin>No</Admin>
		<OnPageEndEvent>No</OnPageEndEvent>
		<OnPageStartEvent>No</OnPageStartEvent>
		<OnBodyStart>Yes</OnBodyStart>
		<OnBodyEnd>No</OnBodyEnd>
		<RemoteMethod>No</RemoteMethod>
		<ProcessRunOnce>No</ProcessRunOnce>
		<ProcessInterval>0</ProcessInterval>
		<PageTitle></PageTitle>
		<RemoteAssetLink></RemoteAssetLink>
		<Styles></Styles>
		<Scripting Language="" EntryPoint="" Timeout="5000">
			<Code><![CDATA[function touchpointHit
	const testing = false 
	'
	dim token
	dim logName,logData
	dim cs
	dim userId,tokenId,isBot,touchUser,sql
	dim returnHtml
	'
	returnHtml = ""
	token = cp.doc.getText("tkn" )
	if token<>"" then
		logData = vbcrlf & now() & vbtab & userId & vbtab & "touchpointHit:" & token
		logData = logData & vbtab & "testing[" & testing & "]"
		set cs = cp.csNew()
		if cs.open( "tracking tokens", "token=" & cp.db.encodeSqlText( token )) then
			tokenId = cs.getInteger( "id" )
		end if
		call cs.close()
		if ( tokenId<>0 ) then
			if instr( 1, cp.request.remoteIp, "173.167.49." )<>0 then
				logData = logData & ",skipping-ContensiveIP[" & cp.request.remoteIp & "]"
			else
				userId=0
				if cs.open( "visitors", "id=" & cp.visitor.id ) then
					userId = cs.getInteger( "memberId" )
				end if
				call cs.close()
				if ( userid <> 0 ) Then
					if not cs.open( "people", "id=" & userId ) Then
						userId=0
					End If
					call cs.close()
				end if
				if userId=0 Then
					userId = cp.user.id
				end if
				logData = logData & ",userid[" & userid & "]"
				touchUser=false
				if testing Then
					sql = "" _
						& "(id=" & userId & ")"
				else
					sql = "" _
						& "(id=" & userId & ")" _
						& "and((admin=0)or(admin is null))" _
						& "and((developer=0)or(developer is null))" _
						& "and((trackingTokenId=0)or(trackingTokenId is null))" _
						& "and((ExcludeFromAnalytics=0)or(ExcludeFromAnalytics is null))"
				end if
				if cs.open( "people", sql ) then
					touchUser=true
				end if
				call cs.close()
				logData = logData & ",touchUser[" & touchUser & "]"
				if touchUser then
					call cp.user.loginById( userId  )
					returnHtml = "<script>jQuery(document).ready(cj.ajax.addon('touchpointAjaxHander','ajaxTkn=" & token & "'));</script>"
				end if
			end if
		end if
		logName = "touchpointTracking\eventLog" & cStr( int( cDbl( now ))) & ".txt"
		call cp.file.appendVirtual( logname, logData )
	end if
	touchpointHit = returnHtml
end function]]></Code>
		</Scripting>
	</Addon>
	<Addon name="touchpointHitTracker-old" guid="{1E9E3693-18F7-4357-8DF1-F338396A807A}" type="Add-on">
		<Copy></Copy>
		<CopyText></CopyText>
		<ActiveXProgramID></ActiveXProgramID>
		<DotNetClass></DotNetClass>
		<ArgumentList></ArgumentList>
		<AsAjax>No</AsAjax>
		<Filter>No</Filter>
		<Help><![CDATA[<p>looks for tkn= in the URL</p><p>if found</p><p>- it logs the person in by the memberid in their visitor record</p><p>- appends the contentfiles/eventLog00000.txt file</p>]]></Help>
		<HelpLink></HelpLink>
		<Icon Link="" width="0" height="0" sprites="0" />
		<InIframe>No</InIframe>
		<BlockEditTools>No</BlockEditTools>
		<FormXML></FormXML>
		<IsInline>No</IsInline>
		<JavascriptOnLoad></JavascriptOnLoad>
		<JavascriptInHead></JavascriptInHead>
		<JavascriptBodyEnd></JavascriptBodyEnd>
		<MetaDescription></MetaDescription>
		<OtherHeadTags></OtherHeadTags>
		<Content>No</Content>
		<Template>No</Template>
		<Email>No</Email>
		<Admin>No</Admin>
		<OnPageEndEvent>No</OnPageEndEvent>
		<OnPageStartEvent>No</OnPageStartEvent>
		<OnBodyStart>No</OnBodyStart>
		<OnBodyEnd>No</OnBodyEnd>
		<RemoteMethod>No</RemoteMethod>
		<ProcessRunOnce>No</ProcessRunOnce>
		<ProcessInterval>0</ProcessInterval>
		<PageTitle></PageTitle>
		<RemoteAssetLink></RemoteAssetLink>
		<Styles></Styles>
		<Scripting Language="" EntryPoint="" Timeout="50000">
			<Code><![CDATA[function m
	dim token
	dim logName
	dim cs
	dim userId,tokenId,isBot,touchUser,sql
	token = cp.doc.getText("tkn" )
	if token<>"" then
		set cs = cp.csNew()
		if cs.open( "tracking tokens", "token=" & cp.db.encodeSqlText( token )) then
			tokenId = cs.getInteger( "id" )
		end if
		call cs.close()
		if ( tokenId<>0 ) then
			isBot=true
			if cs.open( "visits", "(id=" & cp.visit.id & ")" ) then
			' cookiesupport is not set yet
			'if cs.open( "visits", "(id=" & cp.visit.id & ")and(CookieSupport<>0)" ) then
				isBot = cs.getBoolean( "bot" )
			end if
			call cs.close()
			if not isbot Then
				userId = cp.user.id
				if cs.open( "visitors", "id=" & cp.visitor.id ) then
					userId = cs.getInteger( "memberId" )
				end if
				call cs.close()
				if ( userId <> 0 ) then
					touchUser=false
					sql = "" _
						& "(id=" & userId & ")" _
						& "and((admin=0)or(admin is null))" _
						& "and((developer=0)or(developer is null))" _
						& "and((trackingTokenId=0)or(trackingTokenId is null))" _
						& "and((ExcludeFromAnalytics=0)or(ExcludeFromAnalytics is null))"
					if cs.open( "people", sql ) then
						touchUser=true
						call cs.setField( "trackingTokenId", tokenId )
						if ( cs.getText("username")="" ) then
							call cs.setField( "username", "guest" & userId )
						end if
					end if
					call cs.close()
					if touchUser then
						call cp.user.loginById( userId  )
						call cp.group.addUser( "Inbound Marketing Traffic" )
						logName = "eventLog" & cStr( int( cDbl( now ))) & ".txt"
						m = vbcrlf & now() & vbtab & userId & vbtab & token
						call cp.file.appendVirtual( logname, m )
					end if
				end if
			end if
		end if
	end if
	m = ""
end function]]></Code>
		</Scripting>
	</Addon>
	<CDef Name="Tracking Tokens" Active="True" AdminOnly="False" AllowAdd="True" AllowCalendarEvents="0" AllowContentChildTool="0" AllowContentTracking="0" AllowDelete="True" AllowMetaContent="0" AllowTopicRules="0" AllowWorkflowAuthoring="0" AuthoringDataSourceName="Default" AuthoringTableName="ctTrackingTokens" ContentDataSourceName="Default" ContentTableName="ctTrackingTokens" DefaultSortMethod="" DeveloperOnly="False" DropDownFieldList="Name" EditorGroupName="" Parent="" IconLink="" IconHeight="0" IconWidth="0" IconSprites="0" isbasecontent="" guid="{7D0E6F49-D0D7-448F-8EAF-F74AFAD41BF1}" >
		<Field Name="Name" active="True" AdminOnly="False" Authorable="True" Caption="Name" DeveloperOnly="False" EditSortPriority="110" FieldType="Text" HTMLContent="False" IndexColumn="0" IndexSortDirection="1" IndexSortOrder="99" IndexWidth="23" RedirectID="0" RedirectPath="" Required="False" TextBuffered="False" UniqueName="False" DefaultValue="" RSSTitle="False" RSSDescription="False" MemberSelectGroupID="0" EditTab="" Scramble="False" LookupList="" NotEditable="False" Password="False" ReadOnly="False" ManyToManyRulePrimaryField="" ManyToManyRuleSecondaryField="" IsModified="True" IsBaseField="False" LookupContent="" RedirectContent="" ManyToManyContent="" ManyToManyRuleContent="" ></Field>
		<Field Name="Active" active="True" AdminOnly="False" Authorable="True" Caption="Active" DeveloperOnly="False" EditSortPriority="200" FieldType="Boolean" HTMLContent="False" IndexColumn="0" IndexSortDirection="" IndexSortOrder="0" IndexWidth="0" RedirectID="0" RedirectPath="" Required="False" TextBuffered="False" UniqueName="False" DefaultValue="1" RSSTitle="False" RSSDescription="False" MemberSelectGroupID="0" EditTab="" Scramble="False" LookupList="" NotEditable="False" Password="False" ReadOnly="False" ManyToManyRulePrimaryField="" ManyToManyRuleSecondaryField="" IsModified="False" IsBaseField="False" LookupContent="" RedirectContent="" ManyToManyContent="" ManyToManyRuleContent="" ></Field>
		<Field Name="SortOrder" active="True" AdminOnly="False" Authorable="False" Caption="Alpha Sort Order" DeveloperOnly="False" EditSortPriority="2000" FieldType="Text" HTMLContent="False" IndexColumn="0" IndexSortDirection="" IndexSortOrder="0" IndexWidth="0" RedirectID="0" RedirectPath="" Required="False" TextBuffered="False" UniqueName="False" DefaultValue="" RSSTitle="False" RSSDescription="False" MemberSelectGroupID="0" EditTab="" Scramble="False" LookupList="" NotEditable="False" Password="False" ReadOnly="False" ManyToManyRulePrimaryField="" ManyToManyRuleSecondaryField="" IsModified="False" IsBaseField="False" LookupContent="" RedirectContent="" ManyToManyContent="" ManyToManyRuleContent="" ></Field>
		<Field Name="token" active="True" AdminOnly="False" Authorable="True" Caption="Token" DeveloperOnly="False" EditSortPriority="1000" FieldType="Text" HTMLContent="False" IndexColumn="20" IndexSortDirection="1" IndexSortOrder="99" IndexWidth="30" RedirectID="" RedirectPath="" Required="False" TextBuffered="False" UniqueName="False" DefaultValue="" RSSTitle="False" RSSDescription="False" MemberSelectGroupID="" EditTab="" Scramble="False" LookupList="" NotEditable="False" Password="False" ReadOnly="False" ManyToManyRulePrimaryField="" ManyToManyRuleSecondaryField="" IsModified="True" IsBaseField="False" LookupContent="" RedirectContent="" ManyToManyContent="" ManyToManyRuleContent="" ></Field>
		<Field Name="link" active="True" AdminOnly="False" Authorable="True" Caption="Link" DeveloperOnly="False" EditSortPriority="1010" FieldType="Link" HTMLContent="False" IndexColumn="10" IndexSortDirection="1" IndexSortOrder="99" IndexWidth="47" RedirectID="" RedirectPath="" Required="False" TextBuffered="False" UniqueName="False" DefaultValue="" RSSTitle="False" RSSDescription="False" MemberSelectGroupID="" EditTab="" Scramble="False" LookupList="" NotEditable="False" Password="False" ReadOnly="False" ManyToManyRulePrimaryField="" ManyToManyRuleSecondaryField="" IsModified="True" IsBaseField="False" LookupContent="" RedirectContent="" ManyToManyContent="" ManyToManyRuleContent="" ></Field>
	</CDef>
</Collection>